{
    "meta": {
        "name": "sdm888/sdm888",
        "author": "yc@coolapk   ❤️吟惋兮❤改"
    },
    "modules": {
        "switcher": {
            "switchInode": "/sdcard/Android/yc/uperf/cur_powermode.txt",
            "perapp": "/sdcard/Android/yc/uperf/perapp_powermode.txt",
            "hintDuration": {
                "idle": 0.0,
                "touch": 4.0,
                "trigger": 0.02,
                "gesture": 0.1,
                "switch": 0.4,
                "junk": 0.02,
                "swjunk": 0.02
            }
        },
        "atrace": {
            "enable": false
        },
        "log": {
            "level": "info"
        },
        "input": {
            "enable": true,
            "swipeThd": 0.01,
            "gestureThdX": 0.03,
            "gestureThdY": 0.03,
            "gestureDelayTime": 2.0,
            "holdEnterTime": 1.0
        },
        "sfanalysis": {
            "enable": false,
            "renderIdleSlackTime": 0.2
        },
        "cpu": {
            "enable": true,
            "powerModel": [
                {
                    "efficiency": 115,
                    "nr": 4,
                    "typicalPower": 0.3,
                    "typicalFreq": 1.8,
                    "sweetFreq": 1.4,
                    "plainFreq": 1.2,
                    "freeFreq": 0.6
                },
                {
                    "efficiency": 320,
                    "nr": 3,
                    "typicalPower": 1.6,
                    "typicalFreq": 2.4,
                    "sweetFreq": 1.7,
                    "plainFreq": 1.0,
                    "freeFreq": 0.7
                },
                {
                    "efficiency": 400,
                    "nr": 1,
                    "typicalPower": 3,
                    "typicalFreq": 2.9,
                    "sweetFreq": 1.8,
                    "plainFreq": 1.6,
                    "freeFreq": 0.8
                }
            ]
        },
        "sysfs": {
            "enable": true,
            "knob": {
                "cpusetTa": "/dev/cpuset/top-app/cpus",
                "cpusetFg": "/dev/cpuset/foreground/cpus",
                "cpusetBg": "/dev/cpuset/background/cpus",
                "cpusetSysBg": "/dev/cpuset/system-background/cpus",
                "cpusetRe": "/dev/cpuset/restricted/cpus",
                "CPUl3max": "/sys/class/devfreq/18590100.qcom,cpu4-cpu-l3-lat/max_freq",
                "CPUl3min": "/sys/class/devfreq/18590100.qcom,cpu4-cpu-l3-lat/min_freq",
                "CPU4ddrmax": "/sys/class/devfreq/soc:qcom,cpu4-llcc-ddr-lat/max_freq",
                "CPU4ddrmin": "/sys/class/devfreq/soc:qcom,cpu4-llcc-ddr-lat/min_freq",
                "CPUllccmin": "/sys/class/devfreq/soc:qcom,cpu-cpu-llcc-bw/min_freq",
                "CPUllccmax": "/sys/class/devfreq/soc:qcom,cpu-cpu-llcc-bw/max_freq",
                "CPU7ddrmax": "/sys/class/devfreq/soc:qcom,cpu-llcc-ddr-bw/max_freq",
                "CPU7ddrmin": "/sys/class/devfreq/soc:qcom,cpu-llcc-ddr-bw/min_freq",
                "CPU7max": "/sys/devices/system/cpu/cpufreq/policy7/scaling_max_freq",
                "CPU4max": "/sys/devices/system/cpu/cpufreq/policy4/scaling_max_freq",
                "UFSmax": "/sys/class/devfreq/1d84000.ufshc/max_freq"
            }
        },
        "sched": {
            "enable": true,
            "cpumask": {
                "all": [
                    0,
                    1,
                    2,
                    3,
                    4,
                    5,
                    6,
                    7
                ],
                "c0": [
                    0,
                    1,
                    2,
                    3
                ],
                "c1": [
                    4,
                    5,
                    6
                ],
                "c2": [
                    7
                ]
            },
            "affinity": {
                "auto": {
                    "bg": "",
                    "fg": "",
                    "idle": "",
                    "touch": "",
                    "boost": ""
                },
                "norm": {
                    "bg": "",
                    "fg": "all",
                    "idle": "all",
                    "touch": "all",
                    "boost": "all"
                },
                "bg": {
                    "bg": "",
                    "fg": "c0",
                    "idle": "c0",
                    "touch": "c0",
                    "boost": "c0"
                },
                "ui": {
                    "bg": "",
                    "fg": "all",
                    "idle": "all",
                    "touch": "c1",
                    "boost": "all"
                },
                "crit": {
                    "bg": "",
                    "fg": "all",
                    "idle": "all",
                    "touch": "c1",
                    "boost": "c1"
                },
                "gtcoop": {
                    "bg": "",
                    "fg": "all",
                    "idle": "all",
                    "touch": "c1",
                    "boost": "all"
                },
                "gtmain": {
                    "bg": "",
                    "fg": "all",
                    "idle": "all",
                    "touch": "c2",
                    "boost": "all"
                }
            },
            "prio": {
                "auto": {
                    "bg": 0,
                    "fg": 0,
                    "idle": 0,
                    "touch": 0,
                    "boost": 0
                },
                "bg": {
                    "bg": -3,
                    "fg": 139,
                    "idle": 139,
                    "touch": 139,
                    "boost": 139
                },
                "norm": {
                    "bg": -1,
                    "fg": -1,
                    "idle": 120,
                    "touch": 120,
                    "boost": 130
                },
                "coop": {
                    "bg": -3,
                    "fg": 124,
                    "idle": 122,
                    "touch": 122,
                    "boost": 130
                },
                "ui": {
                    "bg": -3,
                    "fg": 120,
                    "idle": 110,
                    "touch": 98,
                    "boost": 116
                },
                "rtusr": {
                    "bg": 98,
                    "fg": 98,
                    "idle": 97,
                    "touch": 97,
                    "boost": 98
                },
                "rtsys": {
                    "bg": 97,
                    "fg": 97,
                    "idle": 96,
                    "touch": 96,
                    "boost": 97
                }
            },
            "rules": [
                {
                    "name": "Launcher",
                    "regex": "/HOME_PACKAGE/",
                    "pinned": true,
                    "rules": [
                        {
                            "k": "/MAIN_THREAD/",
                            "ac": "crit",
                            "pc": "rtusr"
                        },
                        {
                            "k": "^(RenderThread|GLThread)",
                            "ac": "crit",
                            "pc": "rtusr"
                        },
                        {
                            "k": "^(GPU completion|HWC release|hwui|FramePolicy|ScrollPolicy|ged-swd)",
                            "ac": "bg",
                            "pc": "rtusr"
                        },
                        {
                            "k": ".",
                            "ac": "auto",
                            "pc": "auto"
                        }
                    ]
                },
                {
                    "name": "SurfaceFlinger",
                    "regex": "/system/bin/surfaceflinger",
                    "pinned": true,
                    "rules": [
                        {
                            "k": "/MAIN_THREAD/",
                            "ac": "crit",
                            "pc": "auto"
                        },
                        {
                            "k": "^(app|RenderEngine)",
                            "ac": "crit",
                            "pc": "auto"
                        },
                        {
                            "k": "^Binder:",
                            "ac": "auto",
                            "pc": "auto"
                        },
                        {
                            "k": ".",
                            "ac": "bg",
                            "pc": "auto"
                        }
                    ]
                },
                {
                    "name": "SystemServer",
                    "regex": "system_server",
                    "pinned": true,
                    "rules": [
                        {
                            "k": "^(TaskSnapshot|Greezer|CachedApp|SystemPressure|SensorService)|[Mm]emory",
                            "ac": "bg",
                            "pc": "auto"
                        },
                        {
                            "k": "^Async",
                            "ac": "auto",
                            "pc": "norm"
                        },
                        {
                            "k": ".",
                            "ac": "auto",
                            "pc": "auto"
                        }
                    ]
                },
                {
                    "name": "SystemUI",
                    "regex": "com.android.systemui",
                    "pinned": true,
                    "rules": [
                        {
                            "k": "^(Jit thread pool|HeapTaskDaemon|FinalizerDaemon|ReferenceQueueD)",
                            "ac": "bg",
                            "pc": "auto"
                        },
                        {
                            "k": ".",
                            "ac": "auto",
                            "pc": "auto"
                        }
                    ]
                },
                {
                    "name": "MediaProvider",
                    "regex": "^com.android.providers.media",
                    "pinned": true,
                    "rules": [
                        {
                            "k": ".",
                            "ac": "auto",
                            "pc": "bg"
                        }
                    ]
                },
                {
                    "name": "Memory reclaim",
                    "regex": "swapd|compactd",
                    "pinned": true,
                    "rules": [
                        {
                            "k": ".",
                            "ac": "auto",
                            "pc": "bg"
                        }
                    ]
                },
                {
                    "name": "Phone",
                    "regex": "com.android.phone",
                    "pinned": false,
                    "rules": [
                        {
                            "k": ".",
                            "ac": "auto",
                            "pc": "auto"
                        }
                    ]
                },
                {
                    "name": "Other system processes",
                    "regex": "^(/system|/vendor|magiskd|zygiskd)|@|-service$",
                    "pinned": false,
                    "rules": [
                        {
                            "k": ".",
                            "ac": "auto",
                            "pc": "auto"
                        }
                    ]
                },
                {
                    "name": "App co-process",
                    "regex": "[.].+:",
                    "pinned": false,
                    "rules": [
                        {
                            "k": "^(Jit thread pool|HeapTaskDaemon|FinalizerDaemon|ReferenceQueueD)",
                            "ac": "bg",
                            "pc": "auto"
                        }
                    ]
                },
                {
                    "name": "Default rule",
                    "regex": ".",
                    "pinned": false,
                    "rules": [
                        {
                            "k": "/MAIN_THREAD/",
                            "ac": "ui",
                            "pc": "ui"
                        },
                        {
                            "k": "^(UnityMain|RenderThread |GameThread)",
                            "ac": "gtmain",
                            "pc": "auto"
                        },
                        {
                            "k": "^(Unity|Worker Thread|TaskGraph|RHIThread|GLThread|Thread-|Job.Worker)",
                            "ac": "gtcoop",
                            "pc": "auto"
                        },
                        {
                            "k": "^(RenderThread|JNISurfaceText|IJK_External_Re)|[Aa]nim|([.]raster|[.]ui)$",
                            "ac": "ui",
                            "pc": "ui"
                        },
                        {
                            "k": "^(Chrome_InProc|CrRendererMain|CrGpuMain|CompositorTile)",
                            "ac": "norm",
                            "pc": "auto"
                        },
                        {
                            "k": "^(Viz|Chrome_|Compositor)|[Vv]sync|mali-",
                            "ac": "ui",
                            "pc": "ui"
                        },
                        {
                            "k": "^(OkHttp|Ysa|Xqa|Rx|APM|TVKDL-|tp-|cgi-|ODCP-|Bugly|xlog_)",
                            "ac": "bg",
                            "pc": "auto"
                        },
                        {
                            "k": "^(xg_vip_service|Profile|SearchDaemon|default_matrix|FrameDecoder|FrameSeq)",
                            "ac": "bg",
                            "pc": "auto"
                        },
                        {
                            "k": "^(GPU completion|HWC release|hwui|FramePolicy|ScrollPolicy|ged-swd)",
                            "ac": "bg",
                            "pc": "rtusr"
                        },
                        {
                            "k": "^(JS|libweexjsb|WeexJsBridge|mqt_native|mqt_js|JavaScriptTh)",
                            "ac": "norm",
                            "pc": "coop"
                        },
                        {
                            "k": "^(pool-|glide-|launcher-|Fresco)|[Dd]ownload|[Ss]chedule|[Ww]ork|[Pp]ool|[Dd]efau",
                            "ac": "norm",
                            "pc": "coop"
                        },
                        {
                            "k": ".",
                            "ac": "norm",
                            "pc": "auto"
                        }
                    ]
                }
            ]
        }
    },
    "initials": {
        "cpu": {
            "baseSampleTime": 0.01,
            "baseSlackTime": 0.01,
            "latencyTime": 0.6,
            "slowLimitPower": 1.0,
            "fastLimitPower": 2.0,
            "fastLimitCapacity": 6.0,
            "fastLimitRecoverScale": 0.2,
            "predictThd": 0.6,
            "margin": 0.2,
            "burst": 0.0,
            "guideCap": true,
            "limitEfficiency": true
        },
        "sysfs": {
            "cpusetTa": "0-7",
            "cpusetFg": "0-2,4-7",
            "cpusetBg": "0-3",
            "cpusetSysBg": "0-3",
            "cpusetRe": "0-6",
            "CPU4max": "2419200",
            "CPU7max": "2841600",
            "CPUllccmax": "15258",
            "CPUllccmin": "2288",
            "CPU4ddrmax": "12191",
            "CPU4ddrmin": "762",
            "CPU7ddrmax": "12191",
            "CPU7ddrmin": "762",
            "CPUl3max": "1593600000",
            "CPUl3min": "300000000",
            "UFSmax": "300000000"
        },
        "sched": {
            "scene": "idle"
        }
    },
    "presets": {
        "balance": {
            "*": {
                "sysfs.CPUllccmax": "7110",
                "sysfs.CPUllccmin": "2288",
                "sysfs.CPU4ddrmin": "762",
                "sysfs.CPU4ddrmax": "5931",
                "sysfs.CPU7ddrmin": "762",
                "sysfs.CPU7ddrmax": "5931",
                "sysfs.CPUl3max": "614400000",
                "sysfs.CPUl3min": "300000000",
                "sysfs.CPU7max": "2035200",
                "sysfs.CPU4max": "1881600",
                "sysfs.UFSmax": "75000000",
                "cpu.latencyTime": 0.2,
                "cpu.predictThd": 0.2,
                "cpu.slowLimitPower": 1,
                "cpu.fastLimitPower": 2,
                "cpu.fastLimitCapacity": 15.0,
                "cpu.margin": 0.2
            },
            "idle": {
                "cpu.baseSampleTime": 0.04,
                "cpu.baseSlackTime": 0.08,
                "sched.scene": "idle"
            },
            "touch": {
                "cpu.margin": 0.2,
                "sched.scene": "touch"
            },
            "trigger": {
                "cpu.margin": 0.25,
                "sched.scene": "touch"
            },
            "gesture": {
                "cpu.margin": 0.25,
                "sched.scene": "touch"
            },
            "junk": {
                "cpu.margin": 0.2,
                "sched.scene": "touch"
            },
            "switch": {
                "sched.scene": "boost"
            }
        },
        "powersave": {
            "*": {
                "sysfs.CPUllccmax": "4577",
                "sysfs.CPUllccmin": "2288",
                "sysfs.CPU4ddrmin": "762",
                "sysfs.CPU4ddrmax": "2086",
                "sysfs.CPU7ddrmin": "762",
                "sysfs.CPU7ddrmax": "2086",
                "sysfs.CPUl3max": "403200000",
                "sysfs.CPUl3min": "300000000",
                "sysfs.CPU7max": "1555200",
                "sysfs.CPU4max": "1305600",
                "sysfs.UFSmax": "75000000",
                "cpu.latencyTime": 0.3,
                "cpu.predictThd": 0.3,
                "cpu.slowLimitPower": 0.0,
                "cpu.fastLimitPower": 0.5,
                "cpu.fastLimitCapacity": 1.0,
                "cpu.margin": 0.1
            },
            "idle": {
                "cpu.baseSampleTime": 0.04,
                "cpu.baseSlackTime": 0.08,
                "sched.scene": "idle"
            },
            "touch": {
                "cpu.margin": 0.1,
                "sched.scene": "touch"
            },
            "trigger": {
                "cpu.margin": 0.1,
                "sched.scene": "touch"
            },
            "gesture": {
                "cpu.margin": 0.1,
                "sched.scene": "touch"
            },
            "junk": {
                "cpu.margin": 0.1,
                "sched.scene": "touch"
            },
            "switch": {
                "sched.scene": "boost"
            }
        },
        "performance": {
            "*": {
                "sysfs.CPUllccmax": "15258",
                "sysfs.CPUllccmin": "9155",
                "sysfs.CPU4ddrmin": "5931",
                "sysfs.CPU4ddrmax": "12191",
                "sysfs.CPU7ddrmin": "5931",
                "sysfs.CPU7ddrmax": "5931",
                "sysfs.CPUl3max": "1593600000",
                "sysfs.CPUl3min": "979200000",
                "sysfs.CPU7max": "2496000",
                "sysfs.CPU4max": "2227200",
                "sysfs.UFSmax": "300000000",
                "cpu.latencyTime": 0.0,
                "cpu.slowLimitPower": 20.0,
                "cpu.fastLimitPower": 20.0,
                "cpu.fastLimitCapacity": 360.0,
                "cpu.margin": 0.6
            },
            "idle": {
                "cpu.baseSampleTime": 0.01,
                "cpu.baseSlackTime": 0.04,
                "sched.scene": "idle"
            },
            "touch": {
                "sched.scene": "touch"
            },
            "trigger": {
                "cpu.margin": 0.7,
                "sched.scene": "touch"
            },
            "gesture": {
                "cpu.margin": 0.7,
                "sched.scene": "touch"
            },
            "junk": {
                "cpu.margin": 0.5,
                "sched.scene": "touch"
            },
            "switch": {
                "cpu.margin": 0.3,
                "sched.scene": "boost"
            }
        },
        "fast": {
            "*": {
                "sysfs.CPUllccmax": "15258",
                "sysfs.CPUllccmin": "15258",
                "sysfs.CPU4ddrmin": "12191",
                "sysfs.CPU4ddrmax": "12191",
                "sysfs.CPU7ddrmin": "12191",
                "sysfs.CPUl3max": "1593600000",
                "sysfs.CPUl3min": "1593600000",
                "sysfs.CPU7max": "2841600",
                "sysfs.CPU4max": "2419200",
                "sysfs.UFSmax": "300000000",
                "cpu.latencyTime": 0.1,
                "cpu.slowLimitPower": 999,
                "cpu.fastLimitPower": 999,
                "cpu.fastLimitCapacity": 999,
                "cpu.predictThd": 0.1,
                "cpu.margin": 1
            },
            "idle": {
                "sched.scene": "idle"
            },
            "touch": {
                "sched.scene": "touch"
            },
            "trigger": {
                "sched.scene": "touch"
            },
            "gesture": {
                "sched.scene": "touch"
            },
            "junk": {
                "sched.scene": "touch"
            },
            "switch": {
                "sched.scene": "boost"
            }
        }
    }
}